Well,Regional_group,Region,Location,latitude,longitude,aquifer_id,subtype_sym,Snow_influenced,Training_start_date,Climate_station_Id,Climate_station_me,Climate_Infilled_id,Climate_secondary_Infilled,Climate_tertiary_Infilled,Climate_quaternary_Infilled,snow_stn,Lag_time,DWC_Precip,DWC_Snow,station_name_RF_forecast,ann_size,ann_decay,ann_maxit,R2_14,R2_30,R2_60,R2_90,NRMSE_14,NRMSE_30,NRMSE_60,NRMSE_90,RSR_14,RSR_30,RSR_60,RSR_90
OW399,Interior 1,Kamloops,Knutsford,50.5896,-120.30618,276,NA,1,2004-01-01,1216,KAMLOOPS PRATT ROAD,42203,51423,1022,0,1F03P,7,100,3,AFT,10,0.1,500,0.788580859,0.685294784,0.6291369,0.654414408,0.144935548,0.197779286,0.225499599,0.222579417,0.543404163,0.849928655,1.075789024,1.06804435
OW075,Interior 2,Penticton,Keremeos,49.20635,-119.82532,259,1a,1,2004-01-01,1053. 50269,PENTICTON A,1041,979,1056. 52958,6834,2G03P,8,100,5,AHN,5,0.1,500,0.937279384,0.867551855,0.786198221,0.736726514,0.073341764,0.107758981,0.136912028,0.158083472,0.156859246,0.303721127,0.500556032,0.646497078
OW375,Interior 1,Kamloops,Blue River,52.116147,-119.31344,825,NA,1,2004-01-01,1237,BLUE RIVER A,8214,1367,1340,0,1E02P,7,100,5,BLU,5,0.1,500,0.924208145,0.837361328,0.813917814,0.799878288,0.101005764,0.153824345,0.176436736,0.19223648,0.281697883,0.660970094,0.902291056,1.016473364
OW268,Vancouver Island 1,Nanaimo,Denman Island,49.53466,-124.76883,740,5a,0,2004-01-01,155,COMOX A,225,8045,181,0,3A25P,7,5,,BOW,5,0.01,200,0.941171538,0.929129262,0.917130624,0.911519868,0.107973716,0.129887475,0.148789913,0.157766117,0.684778865,0.887133892,1.037113397,1.084627792
OW310,Vancouver Island 1,Nanaimo,Bowser,49.448724,-124.716175,416,4b,0,2004-01-01,8045,PORT ALBERNI (AUT),181,225,45627,0,3A25P,80,1,,BOW,5,0.01,200,0.977231324,0.954316964,0.932850841,0.932909414,0.031580359,0.046812151,0.061370014,0.066829487,0.049311155,0.154866383,0.352339495,0.514063568
OW288,Vancouver Island 2,Nanaimo,Hornby Island,49.506,-124.64873,438,5a,0,2004-01-01,45627,QUALICUM BEACH AIRPORT,181,8045,155,0,3A25P,30,1,,BOW,10,0.01,100,0.970553576,0.942551253,0.900089604,0.879555986,0.091339179,0.127084126,0.17442216,0.191769111,0.200477883,0.437849155,0.777180808,0.951347538
OW371,Vancouver Island 2,Nanaimo,Hwy 19A (T'Sable River ),49.51874,-124.83962,415,2,0,2004-01-01,225,ALBERNI ROBERTSON CREEK,155,8045,181,0,3A25P,7,2,,BOW,20,0.01,500,0.863340809,0.848466913,0.821412238,0.805440975,0.136255519,0.133916242,0.156659975,0.166584552,0.829045268,0.964012373,1.041696078,1.079051848
OW426,Vancouver Island 3,Nanaimo,Qualicum,49.36456,-124.61434,662,4b,0,2004-01-01,45627,QUALICUM BEACH AIRPORT,181,8045,225,0,3A25P,7,1,,BOW,15,0.1,200,0.87902528,0.853792208,0.81647666,0.770959306,0.098458289,0.108303048,0.120777011,0.133973467,0.138359963,0.170121946,0.214787831,0.262708693
OW306,Interior 2,Penticton,Beaverdell,49.438271,-119.086497,482,1c,1,2004-01-01,1053. 50269,PENTICTON A,979,1041,1091,1046,2E07P,7,10,5,BVD,15,0.01,200,0.93265743,0.882343693,0.843524029,0.807782479,0.079360256,0.110447443,0.14616815,0.17193491,0.268189266,0.497886942,0.737470232,0.854554
OW390,Vancouver Island 1,Nanaimo,Cedar,49.108143,-123.823252,162,5a,0,2004-01-01,132. 29411,ENTRANCE ISLAND,192. 51318. 52941,26,0,0,3A25P,35,10,,CED,20,0.1,500,0.968412377,0.957626778,0.937921084,0.918148445,0.044528187,0.050568212,0.060473591,0.070003809,0.032450185,0.042861486,0.061522715,0.080694017
OW436,Vancouver Island 1,Nanaimo,Cassidy,49.045399,-123.874614,160,4b,0,2004-01-01,26,CHEMAINUS,192. 51318. 52941,132. 29411,0,0,3B24P,38,1,,CED,20,0.1,200,0.948753179,0.941667064,0.902515593,0.884161623,0.10513863,0.11724314,0.157218163,0.192133388,0.434194003,0.794984304,1.102147389,1.193779388
OW432,Vancouver Island 3,Nanaimo,Yellowpoint,49.05833,-123.80978,162,5a,0,2004-01-01,26,CHEMAINUS,192. 51318. 52941,132. 29411,0,0,3A25P,30,1,,CED,15,0.1,100,0.9683685,0.933482559,0.866113314,0.833085899,0.099536567,0.138577342,0.194057732,0.231179619,0.265278799,0.628788283,1.089440956,1.215562534
OW435,Vancouver Island 3,Nanaimo,South Wellington,49.096728,-123.888749,165,5a,0,2004-01-01,132. 29411,ENTRANCE ISLAND,192. 51318. 52941,26,0,0,3A25P,7,2,,CED,20,0.001,100,0.945815111,0.926144237,0.878382971,0.871372454,0.101095809,0.143272002,0.194988606,0.211858791,0.463496992,0.841775359,1.168466091,1.171837318
OW349,Coastal 1,Surrey,Belcarra,49.32042,-122.90234,68,6b,0,2004-01-01,888,VANCOUVER HARBOUR CS,823,6830,0,0,1D17P,7,5,,COQ,20,0.001,200,0.920514685,0.857902798,0.850026351,0.81704823,0.120123955,0.165441806,0.175937329,0.204985642,0.492683585,0.871293771,1.036268517,1.160832402
OW200,Northern,Smithers,Dease Lake,58.43794,-129.9923,828,4b,1,2004-01-01,6845,DEASE LAKE (AUT),49628,0,0,0,4D11P,7,5,5,DFS,5,0.1,200,0.994036583,0.976581908,0.924661082,0.880128673,0.016667656,0.032272123,0.061271283,0.080117476,0.006184248,0.024320871,0.079558926,0.131193227
OW217,Interior 2,Penticton,Grand Forks,49.023016,-118.434061,158,1b,1,2004-01-01,1100,BILLINGS,1091,31067,1106,1105. 52938,2F05P,14,10,2,GDF,10,0.01,200,0.910865803,0.86052521,0.785711674,0.763921333,0.060210297,0.096297428,0.141852437,0.170846379,0.265000562,0.503099968,0.791182196,0.911375616
OW035,Interior 1,Kamloops,Stump Lake,50.39353,-120.32752,1174,4b,1,2004-01-01,1216,KAMLOOPS PRATT ROAD,42203,51423,1022,0,1F03P,7,100,100,GLI,15,0.1,200,0.992657324,0.980227551,0.955754803,0.94122311,0.017015988,0.028759674,0.045203249,0.05428156,0.008138187,0.023418988,0.055810469,0.077567222
OW363,Interior 3,Penticton,Wasa,49.79076,-115.74855,540,1b,1,2004-01-01,51818,CRANBROOK AIRPORT AUTO,1174. 50818,1180,0,0,2D14P,9,10,10,JSL,10,0.1,500,0.961963861,0.923181696,0.853833465,0.779768471,0.066966855,0.104121528,0.155884038,0.204488605,0.222208189,0.480915175,0.883106948,1.26015323
OW081,Interior 1,Kamloops,83 Mile,51.43115,-121.38021,124,6a,1,2004-01-01,51558,CLINTON A,53638,650,0,0,1C12P,24,10,5,LBU,10,0.1,200,0.980091019,0.939504215,0.849675504,0.747349726,0.025230565,0.044535263,0.073860521,0.100587037,0.025213788,0.078011891,0.19115003,0.319045293
OW332,Interior 2,Penticton,Oliver,49.137819,-119.569162,254,1a,1,2004-01-01,1053. 50269,PENTICTON A,1041,979,1091,1046,2G03P,155,10,0.5,MCC,5,0.1,500,0.997586322,0.991045349,0.968154316,0.945757505,0.011378694,0.022854586,0.043729872,0.057476343,0.002644307,0.010459109,0.035792316,0.059269003
OW405,Interior 2,Penticton,Oliver,49.16931,-119.5639,256,3,1,2004-01-01,1053. 50269,PENTICTON A,1041,979,1091,1046,2G03P,124,2,1,MCC,5,0.01,500,0.996606421,0.986893686,0.961802547,0.915812832,0.016459219,0.031778649,0.056095366,0.077941542,0.004359852,0.01898588,0.052406634,0.12252464
OW407,Interior 3,Penticton,Oliver,49.21599,-119.54109,255,1a,1,2004-01-01,1053. 50269,PENTICTON A,1041,979,1091,1046,2G03P,14,5,3,MCC,10,0.1,200,0.920686155,0.83772647,0.715853836,0.632184397,0.103729928,0.147242191,0.196260979,0.218507555,0.131922337,0.292892504,0.592289475,0.903462221
OW428,Vancouver Island 1,Nanaimo,Cowichan,48.79051,-123.95995,NA,NA,0,2004-01-01,26,CHEMAINUS,97,192. 51318. 52941,0,0,3A25P,51,100,,MES,20,0.001,100,0.890083126,0.852044006,0.835344319,0.814274216,0.081570984,0.107306586,0.139937044,0.160349636,0.52392978,0.758202619,0.952457372,1.08070687
OW429,Vancouver Island 1,Nanaimo,Cowichan,48.790505,-123.959954,178,4b,0,2004-01-01,26,CHEMAINUS,97,192. 51318. 52941,0,0,3A25P,106,10,,MES,5,0.1,100,0.797226042,0.783124003,0.745909037,0.727659907,0.127989229,0.134420041,0.147848229,0.154100924,0.327519248,0.370177975,0.476790075,0.543476116
OW459,Coastal 1,Surrey,Chilliwack,49.110477,-121.998289,8,3,1,2004-01-01,50368,CULTUS LAKE,810,707,706,0,1D19P,7,5,2,YXX,5,0.01,200,0.930113282,0.89912105,0.846751702,0.789776636,0.133284511,0.16150966,0.194220774,0.205606337,0.505530348,0.774571741,1.132102797,1.427945821
OW487,Interior 2,Penticton,Lumby,50.219445,-119.003821,314,4b,1,2004-01-01,46987,VERNON AUTO,48369,51117,6843,0,2F10P,7,100,100,WJV,15,0.01,200,0.860556931,0.759481715,0.707277759,0.651684149,0.140645384,0.197288773,0.226338556,0.213822862,0.221873271,0.452505095,0.915607056,1.365182867
OW437,Vancouver Island 1,imo,Cassidy,49.045426,-123.874615,161,1b,0,2004-01-01,26,CHEMAINUS,192. 51318. 52941,132. 29411,0,0,3B24P,14,5,,CED,10,0.01,200,0.929774998,0.910441929,0.878897345,0.83401455,0.106608452,0.125848579,0.160864577,0.201686,0.451136551,0.753942693,1.192895129,1.235785752
OW337,Vancouver Island 2,imo,Ladysmith,49.036948,-123.828877,162,5a,0,2004-01-01,26,CHEMAINUS,192. 51318. 52941,132. 29411,0,0,3A25P,82,0.5,,CED,15,0.01,200,0.985806134,0.95651575,0.893556819,0.831475366,0.033214184,0.05989152,0.097221794,0.122622406,0.033192623,0.113433984,0.311881441,0.530648675
OW281,Vancouver Island 3,imo,Saltspring Island,48.85179,-123.45708,721,5a,0,2004-01-01,77,NORTH PENDER ISLAND,51337,26,6810,0,1D17P,7,1,,SLT,20,0.01,100,0.928109907,0.918767095,0.911025095,0.906187316,0.127156463,0.144059629,0.153770749,0.159001372,0.859876492,0.96368179,1.054176318,1.090184491
OW292,Coastal 2,Surrey,Powell River,49.77559,-124.40106,836,NA,0,2004-01-01,45807,POWELL RIVER,327. 52018,0,0,0,3B17P,21,100,,PRW,15,0.1,200,0.817962833,0.754812724,0.69134671,0.645285801,0.126353378,0.151161914,0.174566273,0.188787264,0.44960387,0.613583843,0.794036094,0.905846861
OW422,Interior 1,Kamloops,Logan Lake,50.48783,-120.82906,822,4b,1,2004-01-01,51423,KAMLOOPS A,42203,1022,0,0,1C18P,7,10,5,PSK,5,0.01,200,0.870268813,0.767942418,0.695363107,0.630942746,0.082037013,0.130721044,0.166820139,0.193709116,0.289574856,0.535064416,0.667452701,0.856602168
OW369,Vancouver Island 1,Nanaimo,Black Creek Gravel Pit,49.87834,-125.26389,NA,NA,0,2004-01-01,152,CAPE MUDGE,145. 52979,155,0,0,3A25P,40,100,,QUI,5,0.01,100,0.964757747,0.936739711,0.912754405,0.893514279,0.075651053,0.100748854,0.134299937,0.158358488,0.357949147,0.704701578,0.950435254,1.144038137
OW383,Vancouver Island 2,Nanaimo,Quadra Island,50.055599,-125.189118,751,4a,0,2004-01-01,152,CAPE MUDGE,145. 52979,155,0,0,3A25P,40,10,,QUI,5,0.001,100,0.967826234,0.948954897,0.922852479,0.912758455,0.048370005,0.060307007,0.073290103,0.07873429,0.036692576,0.060879239,0.096330301,0.105240232
OW376,Interior 1,Kamloops,Junction Sheep Range Park,51.79912,-122.4505,NA,NA,1,2004-01-01,664. 50820,WILLIAMS LAKE A,650,51558,53638,0,1C12P,7,100,100,RIS,5,0.1,500,0.980313252,0.935289787,0.827378114,0.714604955,0.023155641,0.043561184,0.07597825,0.102804366,0.020326839,0.06713363,0.175877227,0.289283585
OW185,Interior 1,Kamloops,Salmon River,50.510924,-119.354275,97,1a,1,2004-01-01,6843,SALMON ARM CS,46987,1216,48369,0,1F03P,7,100,10,SLA,10,0.01,200,0.855348959,0.758268868,0.735013189,0.675554765,0.089095868,0.119995603,0.130978412,0.146221308,0.274413319,0.466044019,0.55458696,0.675451405
OW381,Interior 1,Kamloops,Canoe Creek,50.652616,-119.20174,108,4a,1,2004-01-01,6843,SALMON ARM CS,46987,1216,48369,0,1F03P,12,100,3,SLA,10,0.1,200,0.984060942,0.958469609,0.912434929,0.849077732,0.028317194,0.047190145,0.065677213,0.079534492,0.019122621,0.050104575,0.113604928,0.200090452
OW464,Interior 1,Kamloops,Canoe Creek,50.65262,-119.20195,109,4b,1,2004-01-01,6843,SALMON ARM CS,46987,1216,48369,0,1F03P,7,100,100,SLA,5,0.1,200,0.988181971,0.969616916,0.899543867,0.8233869,0.02290353,0.036583201,0.062347597,0.081419394,0.017107974,0.050446572,0.14317213,0.246850616
OW320,Vancouver Island 1,Nanaimo,Cobble Hill,48.69892,-123.58202,197,4b,0,2004-01-01,51337,VICTORIA INTL A,97,54641,87,0,1D17P,58,3,,SLT,15,0.001,100,0.944572778,0.924128747,0.892440072,0.861961125,0.075064115,0.094223846,0.124706911,0.150530777,0.242254473,0.425188106,0.640511982,0.783816691
OW258,Vancouver Island 2,Nanaimo,Galiano Island,48.87386,-123.32605,320,5a,0,2004-01-01,77,NORTH PENDER ISLAND,6810,766,96,0,1D17P,7,3,,SLT,20,0.01,100,0.900826566,0.872973198,0.848402676,0.833929781,0.131033807,0.154501162,0.17272584,0.181795598,0.780697976,0.911124488,1.045853819,1.078241263
OW283,Vancouver Island 2,Nanaimo,Pender Island,48.81503,-123.31447,711,NA,0,2004-01-01,77,NORTH PENDER ISLAND,6810,51337,96,87,1D17P,18,1,,SLT,10,0.01,100,0.831686375,0.799979763,0.782076927,0.769880992,0.12859433,0.15496383,0.17940685,0.182851518,0.732267555,0.900377359,1.030627303,1.074788047
OW327,Vancouver Island 2,Nanaimo,Galiano Island,48.885558,-123.334866,320,5a,0,2004-01-01,77,NORTH PENDER ISLAND,6810,766,96,0,1D17P,7,5,,SLT,20,0.01,100,0.931251337,0.866672858,0.814145,0.793317933,0.077640779,0.109757632,0.135430242,0.143512019,0.268112529,0.418089342,0.515693712,0.553065369
OW373,Vancouver Island 3,Nanaimo,Saltspring Island,48.83867,-123.51075,722,5a,0,2004-01-01,77,NORTH PENDER ISLAND,26,51337,97,0,1D17P,34,1,,SLT,10,0.1,200,0.950245888,0.925000204,0.909661416,0.895798746,0.115120463,0.145620762,0.170827867,0.191441125,0.387662372,0.754393782,1.059166228,1.163740934
OW438,Vancouver Island 3,Nanaimo,Salt Spring Island,48.89015,-123.50125,721,5a,0,2004-01-01,26,CHEMAINUS,77,51337,97,0,1D17P,37,1,,SLT,20,0.1,100,0.97190931,0.944722721,0.892361913,0.863848629,0.085317952,0.119264853,0.169761607,0.188183679,0.175169794,0.347737905,0.643096716,0.852192713
OW117,Interior 2,Penticton,Armstrong,50.427103,-119.227723,1155,NA,1,2004-01-01,46987,VERNON AUTO,6843,48369,51117,0,1F03P,7,10,10,SSM,15,0.1,200,0.967819317,0.918813633,0.8560598,0.813649056,0.050740852,0.074010692,0.100676759,0.11909627,0.075081832,0.216537661,0.459855488,0.652257048
OW384,Interior 3,Penticton,Spallumcheen,50.499953,-119.211984,102,4b,1,2004-01-01,6843,SALMON ARM CS,46987,48369,51117,0,1F03P,7,10,3,SSM,15,0.1,200,0.97311295,0.927873426,0.823815518,0.763509048,0.036244824,0.058874517,0.094496392,0.112405734,0.041755489,0.119835333,0.306831928,0.448525447
OW409,Interior 3,Penticton,Spallumcheen,50.510481,-119.225923,103,4a,1,2004-01-01,6843,SALMON ARM CS,46987,48369,51117,0,1F03P,7,100,10,SSM,15,0.1,200,0.986626766,0.953083859,0.883782288,0.837175383,0.025659505,0.047090851,0.074247481,0.089525454,0.015284141,0.053972922,0.140996506,0.218048154
OW412,Interior 3,Penticton,Summerland,49.734442,-120.156664,1264,6b,1,2004-01-01,27122,JELLICOE,1046,1056. 52958,6834,979,2G03P,7,100,10,TCW,5,0.01,500,0.927361724,0.889095911,0.790432617,0.803395409,0.099202859,0.138727025,0.203472698,0.215303227,0.345685862,0.635830692,0.923287997,1.148574407
OW329,Vancouver Island 3,Nanaimo,Ucluelet,48.994962,-125.59433,159,4a,0,2004-01-01,283,UCLUELET KENNEDY CAMP,277. 52960,235,262,0,3A25P,41,5,,TEF,5,0.01,100,0.974640513,0.955064549,0.934876078,0.9313209,0.066076225,0.089551737,0.108884189,0.118518328,0.228260699,0.520278163,0.843728528,0.993414343
OW374,Interior 1,Kamloops,108 Mile,51.748824,-121.377389,131,4b,1,2004-01-01,650,SPOKIN LAKE 4E,51558,664. 50820,53638,0,1C20P,7,100,3,TMY,5,0.001,200,0.982618566,0.97250394,0.960038879,0.926794066,0.028531153,0.032473072,0.037734048,0.050299615,0.017551625,0.026807971,0.03901131,0.066586182
OW460,Coastal 1,Surrey,Gibsons,49.401641,-123.520065,560,4a,0,2004-01-01,309,GIBSONS GOWER POINT,45267,45788,6817,0,3A25P,89,0.5,,TSE,10,0.1,100,0.856584238,0.807417372,0.752917251,0.680023455,0.07169549,0.085210527,0.099825685,0.111199326,0.152504686,0.204944735,0.261719711,0.339054043
OW490,Coastal 1,Surrey,Langley,49.14763,-122.53144,24,1a,1,2004-01-01,43723,FORT LANGLEY TELEGRAPH TRAIL,747,6830,702. 50308. 54238,810,1D19P,7,100,5,UBC,10,0.001,200,0.98064758,0.968344443,0.950072793,0.932451107,0.105116688,0.137701259,0.175342507,0.227884246,0.413237539,0.589096408,1.010684909,1.204266344
OW463,Coastal 2,Surrey,Mission,49.220192,-122.379292,884,4c,0,2004-01-01,810,MISSION WEST ABBEY,43723,702. 50308. 54238,6830,0,1D17P,86,1,,UBC,10,0.1,100,0.984646454,0.972210502,0.951873006,0.93009737,0.045167502,0.063696167,0.084319862,0.102644911,0.047836535,0.121938636,0.294911385,0.48311218
OW474,Coastal 2,Surrey,Miracle Valley,49.23549,-122.23649,25,4b,0,2004-01-01,810,MISSION WEST ABBEY,702. 50308. 54238,43723,50368,0,1D18P,48,1,,UBC,10,0.001,100,0.96963887,0.936986115,0.922736017,0.934854465,0.104582463,0.134351035,0.15272011,0.155892012,0.106586203,0.321691494,0.598398682,0.867844786
OW479,Coastal 2,Surrey,Maple Ridge,49.18354,-122.45753,19,5a,0,2004-01-01,43723,FORT LANGLEY TELEGRAPH TRAIL,810,6830,702. 50308. 54238,747,1D18P,70,0.5,,UBC,15,0.1,100,0.991854273,0.97710493,0.940626993,0.895185,0.025205069,0.043970389,0.070627903,0.091089392,0.011596011,0.033213888,0.085086799,0.147154704
OW491,Coastal 2,Surrey,Maple Ridge,49.19573,-122.47144,26,4b,0,2004-01-01,43723,FORT LANGLEY TELEGRAPH TRAIL,810,6830,747,702. 50308. 54238,1D18P,57,3,,UBC,10,0.01,100,0.975814727,0.961650438,0.930467562,0.839508158,0.085580471,0.105076149,0.152124904,0.235426359,0.118595464,0.271322486,0.558607975,0.939770632
OW502,Northern,Prince George,Valemount,52.81655,-119.27067,800,4b,1,2004-01-01,1237,BLUE RIVER A,8214,10223,10930,0,1E02P,7,100,5,VAL,5,0.01,200,0.977589965,0.943380936,0.881561527,0.861189206,0.049184676,0.081997192,0.118166986,0.129271293,0.031641942,0.066996762,0.142198228,0.244722889
OW455,Northern,Prince George,Vanderhoof,54.02345,-124.31642,242,4b,1,2004-01-01,55363,FORT ST JAMES GOLF CLUB,51538,50169,48370,48248,4A02P,7,100,100,VAN,10,0.1,200,0.918215149,0.823343495,0.707522011,0.606368622,0.071640333,0.106432891,0.136257525,0.164347065,0.08944933,0.182914194,0.291469484,0.387938158
OW309,Interior 2,Penticton,Golden,51.25933,-116.91873,450,NA,1,2004-01-01,54318,GOLDEN AIRPORT,1364. 52980,49492,49548,0,2A30P,10,100,3,VGE,15,0.01,500,0.913792724,0.851137136,0.79575581,0.780549051,0.073725383,0.11280557,0.148491935,0.159532841,0.326366317,0.635826743,0.863577667,0.940605253
OW201,Vancouver Island 1,Nanaimo,Alert Bay,50.58197,-126.92605,858,NA,0,2004-01-01,202. 51319,PORT HARDY A,271,48888,29733,0,3A24P,61,3,,VHD,5,0.1,200,0.961390932,0.935007968,0.879901211,0.83500408,0.052266475,0.070190885,0.09547921,0.112300726,0.128218834,0.250409365,0.434336098,0.594782753
OW262,Interior 2,Penticton,Kelow,49.860097,-119.421006,464,4b,1,2004-01-01,51117,KELOWNA UBCO,48369,1046,979,46987,2E07P,7,100,100,VKU,15,0.1,200,0.984158321,0.968610592,0.933974897,0.896075802,0.029225061,0.040377639,0.059200334,0.073401844,0.017593883,0.036335438,0.078282557,0.120057951
OW204,Vancouver Island 1,Nanaimo,Duncan,48.77047,-123.69335,186,1b,0,2004-01-01,26,CHEMAINUS,97,51337,0,0,1D17P,7,2,,VOO,20,0.001,100,0.93780679,0.911237228,0.895230137,0.893173251,0.097969627,0.125692274,0.144960061,0.152165874,0.69459281,0.948986083,1.044422172,1.057762555
OW355,Vancouver Island 1,Nanaimo,Chemainus,48.87472,-123.70362,172,1b,0,2004-01-01,26,CHEMAINUS,192. 51318. 52941,97,51337,0,3A25P,7,2,,VOO,15,0.001,100,0.940782678,0.904707331,0.874895006,0.860496037,0.088734099,0.118105637,0.143391327,0.157066926,0.589084203,0.775084717,0.893931857,0.960028684
OW430,Vancouver Island 1,Nanaimo,Cowichan,48.75567,-123.72598,198,5a,0,2004-01-01,26,CHEMAINUS,97,51337,0,0,1D17P,42,100,,VOO,20,0.01,200,0.968047116,0.953975377,0.950172812,0.945924709,0.10981754,0.138222252,0.146519174,0.159242974,0.327319247,0.614355707,0.89763283,1.124663305
OW431,Vancouver Island 1,Nanaimo,Cowichan,48.75567,-123.72598,199,4b,0,2004-01-01,26,CHEMAINUS,97,51337,0,0,1D17P,50,5,,VOO,5,0.01,200,0.983510615,0.971747653,0.966467078,0.951638946,0.076296846,0.106158297,0.114291036,0.140586171,0.203545233,0.490108759,0.821140084,1.055403437
OW488,Vancouver Island 1,Nanaimo,Cowichan,48.72946,-123.66332,197,4b,0,2004-01-01,51337,VICTORIA INTL A,97,87,0,0,3B26P,82,2,,VOO,15,0.01,200,0.990310769,0.972465247,0.940452289,0.929327802,0.078858483,0.137715931,0.203188055,0.227541421,0.117314464,0.352282814,0.748500631,1.025121605
OW287,Vancouver Island 1,Nanaimo,Coombs,49.301596,-124.415168,220,5a,0,2004-01-01,45627,QUALICUM BEACH AIRPORT,181,138,0,0,3A25P,34,100,,VOQ,15,0.1,100,0.892401157,0.857696662,0.825016143,0.817108058,0.080920513,0.098980829,0.10860681,0.109968958,0.167349739,0.229599662,0.300368987,0.334985758
OW424,Vancouver Island 1,Nanaimo,Coombs,49.314,-124.40842,1250,4c,0,2004-01-01,45627,QUALICUM BEACH AIRPORT,181,138,0,0,3A25P,144,2,,VOQ,10,0.1,100,0.8494229,0.785169729,0.725530672,0.694588543,0.089295864,0.10994772,0.128832379,0.1342564,0.16611943,0.240470109,0.320974795,0.364199477
OW304,Vancouver Island 2,Nanaimo,Parksville,49.310444,-124.330671,216,4b,0,2004-01-01,45627,QUALICUM BEACH AIRPORT,138,181,0,0,3B23P,12,100,,VOQ,20,0.1,100,0.990443813,0.984375808,0.971898943,0.956358634,0.023378201,0.030316343,0.041459148,0.051601112,0.009614909,0.01563326,0.02806339,0.043353976
OW314,Vancouver Island 2,Nanaimo,Parksville,49.31149,-124.34853,216,4b,0,2004-01-01,45627,QUALICUM BEACH AIRPORT,181,138,0,0,3A25P,69,10,,VOQ,5,0.1,100,0.986971027,0.975436377,0.95428376,0.930916732,0.029144582,0.040907016,0.055606738,0.068566517,0.01830624,0.038256249,0.078275281,0.120550336
OW391,Vancouver Island 2,Nanaimo,Little Qualicum,49.32983,-124.56006,662,4b,0,2004-01-01,45627,QUALICUM BEACH AIRPORT,181,8045,138,0,3B17P,7,1,,VOQ,5,0.001,100,0.976612114,0.965437015,0.95114177,0.909102996,0.035411483,0.042900924,0.053503413,0.070935055,0.023421259,0.034074929,0.045787317,0.080642481
OW395,Vancouver Island 2,Nanaimo,noose,49.28029,-124.28061,219,4b,0,2004-01-01,45627,QUALICUM BEACH AIRPORT,138,181,0,0,3B17P,25,3,,VOQ,20,0.1,200,0.929509565,0.900131785,0.855949477,0.824788069,0.136253083,0.162786667,0.196540544,0.231195577,0.474393596,0.638968405,0.875044321,1.039982867
OW398,Vancouver Island 2,Nanaimo,Parksville,49.307161,-124.311776,216,4b,0,2004-01-01,45627,QUALICUM BEACH AIRPORT,138,181,0,0,3A25P,91,1,,VOQ,20,0.1,100,0.984974234,0.982599453,0.974661128,0.966992404,0.030571745,0.033782016,0.042031903,0.047970737,0.015232195,0.017836661,0.027585558,0.03729498
OW321,Vancouver Island 3,Nanaimo,Qualicum Beach,49.34769,-124.38281,1250,4c,0,2004-01-01,45627,QUALICUM BEACH AIRPORT,181,138,0,0,3A25P,7,5,,VOQ,20,0.01,100,0.920266789,0.84538284,0.773932202,0.70009824,0.078462381,0.113367345,0.149053127,0.176841543,0.206395403,0.380533645,0.56492776,0.683149418
OW389,Vancouver Island 3,Nanaimo,Qualicum Beach,49.35992,-124.47597,664,1c,0,2004-01-01,45627,QUALICUM BEACH AIRPORT,181,138,8045,0,3A25P,7,3,,VOQ,20,0.001,100,0.970577883,0.948593507,0.936578952,0.932679207,0.106529871,0.141492025,0.156905796,0.165150165,0.59156092,0.898650005,1.077272045,1.113594123
OW433,Vancouver Island 3,Nanaimo,Qualicum,49.34244,-124.40625,1250,4c,0,2004-01-01,45627,QUALICUM BEACH AIRPORT,181,138,0,0,3A25P,7,3,,VOQ,5,0.001,100,0.949647638,0.87663398,0.828178202,0.77828825,0.082772228,0.131096823,0.16677523,0.19514006,0.18189322,0.398413144,0.531804657,0.612406696
OW434,Vancouver Island 3,Nanaimo,Qualicum,49.34232,-124.40714,217,4b,0,2004-01-01,45627,QUALICUM BEACH AIRPORT,181,138,0,0,3B23P,94,100,,VOQ,15,0.01,200,0.9325128,0.931426775,0.915040847,0.906127449,0.071225118,0.071842788,0.079790692,0.084972895,0.068512463,0.069768076,0.085715343,0.096259565
OW451,Coastal 1,Surrey,Hope,49.36575,-121.48121,1,1a,1,2004-01-01,50517,HOPE AIRPORT,49588,951,707,706,1D19P,7,100,3,VPE,10,0.01,200,0.91865417,0.851502023,0.754544107,0.743832533,0.134184153,0.180803513,0.235469168,0.246794321,0.550743514,0.978554953,1.448886564,1.41467864
OW260,Interior 1,Kamloops,Quesnel,52.96489,-122.46749,115,4b,1,2004-01-01,48688,QUESNEL,48108,664. 50820,650,0,1C41P,7,100,3,VQZ,10,0.001,500,0.978932786,0.96046596,0.927055816,0.895185252,0.027147256,0.034610292,0.046362456,0.055557341,0.020687757,0.039973244,0.068870724,0.101185472
OW058,Vancouver Island 3,Nanaimo,Saanich,48.63119,-123.41753,610,NA,0,2004-01-01,54641,SAANICHTON CFIA,87,51337,0,0,1D17P,89,0.5,,VSA,20,0.1,100,0.983241023,0.962205396,0.941079368,0.916926538,0.031635178,0.048702758,0.064624382,0.081957173,0.033017737,0.102002885,0.252362537,0.411342477
OW338,Vancouver Island 3,Nanaimo,Saanich,48.57242,-123.41726,608,6b,0,2004-01-01,54641,SAANICHTON CFIA,87,51337,0,0,1D17P,102,100,,VSA,20,0.1,100,0.979146612,0.925976579,0.787158001,0.652193988,0.038149481,0.065897123,0.106174274,0.13669496,0.028911942,0.102996486,0.295143158,0.473666242
OW343,Vancouver Island 3,Nanaimo,Saanich,48.599,-123.445816,608,6b,0,2004-01-01,54641,SAANICHTON CFIA,87,51337,0,0,1D17P,17,3,,VSA,5,0.01,200,0.918015784,0.899058624,0.87646902,0.86916776,0.120455223,0.149864617,0.177570983,0.195407897,0.647834456,0.877349602,1.093170074,1.135344835
OW416,Northern,Fort St. John,Dawson Creek,55.82529,-120.97583,595,5a,1,2004-01-01,50837,FORT ST. JOHN A,1400. 52939,55198,1404. 48208,32255,1A14P,61,3,2,VSJ,15,0.1,200,0.977750711,0.943606018,0.861082497,0.774934357,0.030514339,0.052233515,0.082204329,0.10722716,0.023913102,0.062821569,0.161236561,0.266373373
OW125,Vancouver Island 2,Nanaimo,Mayne Island,48.84274,-123.27493,620,5a,0,2004-01-01,77,NORTH PENDER ISLAND,6810,96,766,0,1D17P,7,2,,VTS,5,0.1,200,0.837014093,0.787960009,0.768408197,0.745769402,0.154545884,0.181553328,0.19172981,0.200192966,0.879930838,1.03626401,1.099092672,1.146629498
OW128,Vancouver Island 2,Nanaimo,Mayne Island,48.86903,-123.28269,447,NA,0,2004-01-01,77,NORTH PENDER ISLAND,6810,96,766,0,1D17P,17,2,,VTS,10,0.01,100,0.974776406,0.960321411,0.942991763,0.931503027,0.087276738,0.118245635,0.151060687,0.16517945,0.459992471,0.719144985,0.98973442,1.090931542
OW284,Vancouver Island 2,Nanaimo,Pender Island,48.74882,-123.25686,720,NA,0,2004-01-01,77,NORTH PENDER ISLAND,6810,96,51337,87,1D17P,7,3,,VTS,10,0.01,100,0.86332425,0.80587968,0.776102825,0.745407121,0.088159768,0.109374719,0.122909146,0.132906143,0.450374838,0.523117138,0.609464688,0.653404923
OW290,Vancouver Island 3,Nanaimo,Satur Island,48.80294,-123.17863,737,5a,0,2004-01-01,6810,SATURNA CAPMON CS,77,96,766,0,1D17P,7,5,,VTS,5,0.01,100,0.921433411,0.877623171,0.828276817,0.818445252,0.090837233,0.12081551,0.155252807,0.160241608,0.547495089,0.731958762,0.938051847,0.95985889
OW293,Northern,Prince George,Prince George,54.0472,-122.8038,332,4b,1,2004-01-01,50169,PRINCE GEORGE MASSEY AUTO,48248,48370,55363,51538,1A14P,7,3,10,VXS,5,0.1,500,0.863414782,0.772119005,0.696032255,0.647441298,0.085275204,0.120275453,0.141034309,0.1477752,0.233731727,0.432259302,0.611498907,0.696725712
OW316,Vancouver Island 1,Nanaimo,Gabriola Island,49.138625,-123.767724,709,5a,0,2004-01-01,132. 29411,ENTRANCE ISLAND,192. 51318. 52941,26,309,0,3A25P,36,2,,WEL,20,0.001,100,0.969862621,0.950805719,0.923111631,0.898217238,0.077814447,0.110178415,0.147555637,0.177784134,0.469586646,0.752919658,1.069630368,1.143257041
OW385,Vancouver Island 1,Nanaimo,Gabriola Island,49.180666,-123.826884,709,5a,0,2004-01-01,132. 29411,ENTRANCE ISLAND,192. 51318. 52941,26,138,0,3A25P,22,10,,WEL,5,0.1,200,0.918651215,0.879326207,0.836986365,0.807850476,0.141552769,0.171342277,0.200423122,0.21476056,0.481036506,0.750947566,1.04022806,1.172212546
OW196,Vancouver Island 2,Nanaimo,Gabriola Island,49.16994,-123.80128,709,5a,0,2004-01-01,132. 29411,ENTRANCE ISLAND,192. 51318. 52941,26,309,0,3A25P,7,2,,WEL,10,0.01,200,0.947832062,0.919270008,0.897805473,0.891113541,0.102990578,0.132502832,0.15252395,0.165211953,0.679899043,0.901761812,1.049934603,1.076792433
OW197,Vancouver Island 2,Nanaimo,Gabriola Island,49.15638,-123.7652,709,5a,0,2004-01-01,132. 29411,ENTRANCE ISLAND,192. 51318. 52941,26,309,0,3A25P,14,100,,WEL,15,0.1,500,0.950092016,0.91484934,0.865277215,0.829018607,0.067678127,0.091684937,0.117244698,0.13427058,0.239203403,0.456082615,0.714483285,0.896594491
OW392,Vancouver Island 2,Nanaimo,noose,49.27794,-124.24362,1098,4b,0,2004-01-01,138,BALLENAS ISLAND,45627,181,0,0,3A25P,56,3,,WGB,5,0.001,100,0.918413458,0.905619672,0.896081139,0.886676772,0.076506741,0.083101209,0.088868599,0.091849456,0.08351181,0.09434497,0.110152491,0.114829357
OW393,Vancouver Island 2,Nanaimo,noose,49.27794,-124.24362,219,4b,0,2004-01-01,138,BALLENAS ISLAND,45627,181,0,0,3A25P,148,1,,WGB,10,0.1,100,0.918855633,0.9012027,0.847850695,0.794598181,0.063793408,0.072813946,0.092486736,0.109996832,0.097551181,0.117306778,0.187676213,0.277483308
OW394,Vancouver Island 2,Nanaimo,noose,49.30096,-124.19139,218,NA,0,2004-01-01,138,BALLENAS ISLAND,45627,181,0,0,3A25P,29,2,,WGB,10,0.001,100,0.94267777,0.886401202,0.843723021,0.631092675,0.100816002,0.141523847,0.167383511,0.200184807,0.211643372,0.467613029,0.778641842,1.424417195
OW396,Vancouver Island 2,Nanaimo,noose,49.30131,-124.22964,219,4b,0,2004-01-01,138,BALLENAS ISLAND,45627,181,0,0,3A25P,57,1,,WGB,5,0.01,500,0.983489011,0.967067915,0.948796899,0.936223711,0.053156963,0.07287972,0.096523453,0.121136082,0.088837783,0.253687489,0.578774422,0.836737531
OW294,Interior 2,Penticton,Lumby,50.219595,-119.003824,316,1c,1,2004-01-01,46987,VERNON AUTO,48369,51117,6843,0,1F03P,8,100,2,WJV,5,0.1,200,0.942579219,0.868195615,0.777645809,0.760373264,0.056053369,0.090993689,0.121985412,0.135431633,0.115234218,0.28276481,0.512374452,0.627138007
OW311,Interior 3,Penticton,Vernon,50.320322,-119.202478,351,6b,1,2004-01-01,46987,VERNON AUTO,48369,6843,51117,0,1F03P,19,10,100,WJV,10,0.1,200,0.996804952,0.993758063,0.985984653,0.978477008,0.013275155,0.018567411,0.02801723,0.035655226,0.003206984,0.006275408,0.014418612,0.023391705
OW411,Interior 3,Penticton,West Kelow,49.83667,-119.68638,304,5a,1,2004-01-01,1046,PEACHLAND,51117,48369,979,1053. 50269,2F18P,7,100,100,WKE,5,0.1,500,0.977151635,0.944381332,0.878804782,0.803722441,0.032795174,0.05554701,0.083519642,0.106591669,0.025904271,0.063750798,0.138403891,0.217880868
OW452,Coastal 1,Surrey,Langley,49.167753,-122.584482,37,4a,1,2004-01-01,43723,FORT LANGLEY TELEGRAPH TRAIL,6830,747,925,702. 50308. 54238,1D19P,11,5,3,WMM,5,0.1,200,0.906781679,0.792930383,0.645194753,0.62789656,0.110042062,0.166013544,0.228969601,0.238255349,0.316090969,0.764352305,1.186711912,1.179167398
OW456,Coastal 1,Surrey,Langley,49.158707,-122.651309,59,4b,0,2004-01-01,6830,PITT MEADOWS CS,747,43723,925,0,1D09P,70,100,,WMM,5,0.1,100,0.980355667,0.97568247,0.964194812,0.947960141,0.043786235,0.054136436,0.06454429,0.07883894,0.020266612,0.025982043,0.042714012,0.065749948
OW354,Coastal 2,Surrey,Langley,49.09392,-122.56474,35,4a,0,2004-01-01,43723,FORT LANGLEY TELEGRAPH TRAIL,747,6830,702. 50308. 54238,925,1D17P,116,0.5,,WMM,5,0.01,500,0.981392904,0.946946216,0.943317906,0.923495745,0.037304234,0.065379048,0.07508216,0.090187618,0.038895039,0.132114916,0.27659804,0.460378342
OW453,Coastal 2,Surrey,Langley,49.13393,-122.55637,35,4a,0,2004-01-01,43723,FORT LANGLEY TELEGRAPH TRAIL,747,6830,702. 50308. 54238,925,1D17P,89,0.5,,WMM,15,0.1,100,0.983685917,0.961715011,0.936936825,0.914515749,0.042937813,0.065272749,0.086770285,0.103753644,0.05072536,0.153195603,0.360336145,0.572166126
OW447,Coastal 3,Surrey,Surrey,49.18456,-122.75323,61,NA,0,2004-01-01,6830,PITT MEADOWS CS,747,43723,925,0,1D17P,63,1,,WMM,20,0.1,200,0.985651012,0.97764552,0.966948049,0.960592354,0.06260828,0.075721843,0.095573673,0.111545075,0.104903359,0.226750609,0.458434982,0.670296079
OW454,Coastal 2,Surrey,Squamish,49.83479,-123.15197,401,1b,1,2004-01-01,336. 10816,SQUAMISH AIRPORT,43500,43443,348,0,3A25P,7,10,1,WSK,5,0.1,200,0.854656443,0.763326787,0.698851014,0.684596905,0.137570688,0.184283674,0.213591075,0.231606607,0.628873382,0.924470478,1.165138195,1.17433632
OW483,Coastal 2,Surrey,Squamish,49.72254,-123.07491,397,4b,0,2004-01-01,336. 10816,SQUAMISH AIRPORT,6817,45267,823,0,1D18P,63,10,,WSK,5,0.01,200,0.967855453,0.95284989,0.883790802,0.837873723,0.054103943,0.069541221,0.110562683,0.135371353,0.110613344,0.215200826,0.438966487,0.71716446
OW154,Interior 3,Penticton,Summerland,49.57765,-119.63526,297,NA,1,2004-01-01,979,SUMMERLAND CS,1053. 50269,1046,51117,48369,2E07P,52,100,5,WUS,5,0.1,200,0.97953644,0.942094088,0.875608975,0.821409543,0.045605542,0.075870406,0.112629268,0.133505953,0.046229363,0.137051837,0.318351136,0.509686192
OW353,Coastal 2,Surrey,Langley,49.06717,-122.67997,41,4a,0,2004-01-01,925,WHITE ROCK CAMPBELL SCIENTIFIC,747,43723,6830,702. 50308. 54238,1D17P,45,10,,WWK,15,0.1,500,0.961926474,0.929197507,0.877982038,0.838846515,0.075702704,0.103650314,0.137114395,0.160144436,0.239770712,0.477889912,0.768500457,0.942666643
OW360,Coastal 2,Surrey,Langley,49.04074,-122.67138,41,4a,0,2004-01-01,925,WHITE ROCK CAMPBELL SCIENTIFIC,747,43723,6830,702. 50308. 54238,1D17P,50,2,,WWK,10,0.1,100,0.95021042,0.932387826,0.915538827,0.883177399,0.094544652,0.117745349,0.137731231,0.177156234,0.343277901,0.674878586,0.921386438,1.048729717
OW446,Coastal 2,Surrey,Langley,49.0188,-122.65452,52,4b,0,2004-01-01,925,WHITE ROCK CAMPBELL SCIENTIFIC,747,43723,6830,702. 50308. 54238,1D17P,35,1,,WWK,15,0.01,100,0.973194849,0.956897054,0.941727946,0.934883058,0.099029484,0.129560338,0.158123588,0.174590428,0.362456195,0.590759106,0.867880994,1.035027152
OW275,Coastal 3,Surrey,Surrey,49.06754,-122.68439,41,4a,0,2004-01-01,925,WHITE ROCK CAMPBELL SCIENTIFIC,747,43723,6830,702. 50308. 54238,1D17P,61,10,,WWK,10,0.1,100,0.974723353,0.944380198,0.905991083,0.871628189,0.051607278,0.07778131,0.101975753,0.124207479,0.127906668,0.336157123,0.646496666,0.869595863
OW071,Vancouver Island 3,Nanaimo,Saanich,48.5304,-123.37483,616,NA,0,2004-01-01,6812,VICTORIA UNIVERSITY CS,54641,87,0,0,1D17P,35,1,,WYJ,15,0.01,100,0.934862093,0.896870333,0.859855785,0.851307601,0.055290683,0.075045946,0.092959657,0.100435104,0.134600883,0.210410826,0.300201058,0.341597477
OW467,Interior 2,Penticton,Osoyoos,49.02232,-119.42551,194,4a,1,2004-01-01,1053. 50269,PENTICTON A,1041,1091,979,1100,2E07P,170,3,0.5,WYY,5,0.001,200,0.967482485,0.947791835,0.898107137,0.830419652,0.053884612,0.065224211,0.089978793,0.110360403,0.035031405,0.057637242,0.103226653,0.166810471
OW401,Interior 3,Penticton,Osoyoos,49.023341,-119.363599,808,6b,1,2004-01-01,1053. 50269,PENTICTON A,1041,1091,979,1100,2G03P,7,100,100,WYY,5,0.1,500,0.933591807,0.865050087,0.795554286,0.770213937,0.09017575,0.137594293,0.178939247,0.192563682,0.240969813,0.544856331,0.912400524,1.128101304
OW402,Interior 3,Penticton,Osoyoos,49.030404,-119.347269,936,6b,1,2004-01-01,1053. 50269,PENTICTON A,1041,1091,979,1100,2E07P,7,100,10,WYY,10,0.01,500,0.872931657,0.773746438,0.769459427,0.698736673,0.097902733,0.144095822,0.168811384,0.208811678,0.343112976,0.637558545,0.818360688,1.076786197
OW406,Coastal 1,Surrey,Chilliwack,49.12231,-121.97352,8,3,0,2004-01-01,50368,CULTUS LAKE,707,706,810,0,1D17P,7,5,,WZA,15,0.1,100,0.947620077,0.922358531,0.888871351,0.878265451,0.086017039,0.10821493,0.133064336,0.138838327,0.403811722,0.715209182,0.996130189,1.075574149
OW448,Coastal 1,Surrey,Agassiz,49.244304,-121.785054,4,1a,1,2004-01-01,706,AGASSIZ RCS,707,50368,49588,50517,1D19P,7,5,100,WZA,5,0.01,500,0.932095882,0.896617671,0.831110143,0.749236701,0.088809828,0.118102741,0.153228851,0.203072108,0.553245233,0.797025356,1.046969411,1.22260343
OW449,Coastal 1,Surrey,Agassiz,49.235153,-121.747747,4,1a,1,2004-01-01,706,AGASSIZ RCS,707,49588,50517,50368,1D19P,7,10,5,WZA,5,0.001,500,0.915613376,0.832583114,0.754108838,0.61104257,0.106184652,0.151081081,0.182905901,0.242658507,0.439878905,0.751548586,1.007513919,1.24775454
OW450,Coastal 1,Surrey,Chilliwack,49.16495,-121.91194,6,1a,0,2004-01-01,50368,CULTUS LAKE,707,706,810,0,1D17P,7,3,,WZA,15,0.01,100,0.953331591,0.934472333,0.908777359,0.887167842,0.091276162,0.115206739,0.151554442,0.178906984,0.611205429,0.772684807,0.97998127,1.146936466
OW074,Interior 2,Penticton,Castlegar,49.31035,-117.61339,507,NA,1,2004-01-01,1106,CASTLEGAR BCHPA DAM,1105. 52938,31067,1095,6839,2D14P,7,100,100,XWF,10,0.1,200,0.973994519,0.922237459,0.825047299,0.777840143,0.0267132,0.047632701,0.07818189,0.092296359,0.030128139,0.091403488,0.250448808,0.335418871
OW417,Northern,Fort St. John,Dawson Creek,55.83334,-120.871105,595,5a,1,2004-01-01,50837,FORT ST. JOHN A,1404. 48208,55198,1400. 52939,32255,1A14P,84,1,3,YDQ,5,0.1,200,0.99464212,0.986791967,0.96106282,0.932612471,0.018260468,0.027466774,0.048433508,0.066515909,0.005786505,0.014013497,0.039365585,0.065459771
OW418,Northern,Fort St. John,Dawson Creek,55.909962,-120.453375,633,5a,1,2004-01-01,50837,FORT ST. JOHN A,1404. 48208,55198,32255,47107,1A14P,7,10,3,YDQ,5,0.1,200,0.987234099,0.982621184,0.964529888,0.942358866,0.026925955,0.032945182,0.046078026,0.057932872,0.012902247,0.017250508,0.034354502,0.054950099
OW080,Interior 1,Kamloops,Clinton,51.07193,-121.5852,921,4b,1,2004-01-01,53638,CLINTON RCS,51558,51423,0,0,1D06P,7,100,100,YIN,5,0.01,200,0.984357692,0.966737469,0.948950888,0.936488875,0.027691805,0.043722653,0.057816125,0.065849454,0.023474728,0.05261788,0.102046663,0.13423477
OW442,Interior 2,Penticton,Kelow,49.950925,-119.365802,464,4b,1,2004-01-01,48369,KELOWNA,51117,1046,46987,979,2F18P,7,10,5,YLW,10,0.1,200,0.992089067,0.980487096,0.947218875,0.921493713,0.022944965,0.034758438,0.054840005,0.065730893,0.009449691,0.024318698,0.057961608,0.081725814
OW356,Interior 3,Penticton,Winfield,50.008442,-119.3918,344,4b,1,2004-01-01,48369,KELOWNA,51117,46987,1046,0,2E07P,27,3,5,YLW,10,0.1,200,0.972955985,0.899489027,0.748256851,0.636553261,0.015498733,0.029417999,0.049316799,0.065542067,0.026777718,0.097683547,0.241036498,0.358558119
OW351,Vancouver Island 1,Nanaimo,Comox,49.71725,-124.92994,408,4a,0,2004-01-01,155,COMOX A,45807,327. 52018,145. 52979,0,3A25P,86,2,,YQQ,20,0.001,100,0.979048637,0.957228492,0.90661263,0.874698943,0.03792355,0.054847905,0.081925106,0.094678101,0.044764067,0.11665225,0.278229824,0.459371727
OW261,Interior 1,Kamloops,Williams Lake,52.09645,-122.11943,148,6a,1,2004-01-01,664. 50820,WILLIAMS LAKE A,650,51558,48688,0,1C41P,53,3,3,YWL,5,0.001,200,0.997799868,0.992285107,0.977474907,0.956457061,0.009385927,0.01851818,0.032328118,0.043120018,0.00228818,0.00766648,0.021476685,0.045329546
OW289,Interior 1,Kamloops,Williams Lake,52.175985,-122.083552,139,NA,1,2004-01-01,664. 50820,WILLIAMS LAKE A,650,48688,48108,0,1C41P,7,10,10,YWL,10,0.1,200,0.987269869,0.974390105,0.934440664,0.880935076,0.027186587,0.037852347,0.059428264,0.078957068,0.016009246,0.033459844,0.081497637,0.138320741
OW291,Interior 2,Penticton,Cranbrook,49.473055,-115.718887,523,NA,1,2004-01-01,1174. 50818,CRANBROOK A,51818,1180,0,0,2D14P,7,100,5,YXC,15,0.1,200,0.958822987,0.89958658,0.817683973,0.779326535,0.042124018,0.068241988,0.092521414,0.101604808,0.059323684,0.152301292,0.271535446,0.324656561
OW468,Interior 2,Penticton,Cranbrook,49.51528,-115.770422,525,4b,1,2004-01-01,1174. 50818,CRANBROOK A,51818,1180,0,0,2D14P,7,10,100,YXC,5,0.1,200,0.963041656,0.88866013,0.738136952,0.604712054,0.080102416,0.134060119,0.196839474,0.217190459,0.083356158,0.220195925,0.462665943,0.685131302
OW513,Northern,Smithers,Terrace,54.5177,-128.63653,575,1a,1,2004-01-01,442,TERRACE PCC,441. 51037,54978,51658,48628,4B17P,7,5,100,YXT,10,0.1,500,0.986588775,0.955022995,0.866588173,0.780702069,0.03582294,0.065189443,0.113623588,0.146280769,0.017493719,0.062487853,0.189111928,0.317017273
OW002,Coastal 1,Surrey,Abbotsford,49.0171,-122.34165,15,4a,0,2004-01-01,810,MISSION WEST ABBEY,702. 50308. 54238,43723,50368,0,1D17P,84,1,,YXX,5,0.1,500,0.976158658,0.95389297,0.948978276,0.938109837,0.042643886,0.063197655,0.07198353,0.08223906,0.072866607,0.202084419,0.411136009,0.582577788
OW008,Coastal 1,Surrey,Abbotsford,49.01696,-122.2894,15,4a,0,2004-01-01,810,MISSION WEST ABBEY,702. 50308. 54238,43723,50368,0,1D17P,99,1,,YXX,15,0.01,100,0.986762665,0.962105409,0.930640614,0.914210516,0.031882647,0.053840499,0.073727364,0.082521988,0.035087302,0.12380384,0.347814461,0.529794015
OW255,Coastal 1,Surrey,Chilliwack,49.07409,-122.05764,1216,NA,0,2004-01-01,50368,CULTUS LAKE,810,702. 50308. 54238,707,0,1D17P,7,2,,YXX,10,0.001,200,0.938613399,0.9042374,0.861982197,0.822930469,0.091805427,0.118751786,0.146595394,0.167552458,0.619982728,0.796564958,0.95629299,1.040101611
OW299,Coastal 1,Surrey,Abbotsford,49.04214,-122.38148,15,4a,0,2004-01-01,810,MISSION WEST ABBEY,702. 50308. 54238,43723,747,0,1D17P,17,1,,YXX,20,0.01,100,0.981101235,0.964587222,0.943164176,0.930456851,0.065038487,0.091479216,0.118449954,0.132947549,0.399287475,0.643737217,0.864138182,0.945620035
OW301,Coastal 1,Surrey,Abbotsford,49.03127,-122.43471,15,4a,0,2004-01-01,43723,FORT LANGLEY TELEGRAPH TRAIL,702. 50308. 54238,810,747,925,1D17P,25,1,,YXX,10,0.01,100,0.961472596,0.945636414,0.92645287,0.920016821,0.088393938,0.11108738,0.138742035,0.145626583,0.348864137,0.680121653,0.938820106,1.035006907
OW357,Coastal 1,Surrey,Abbotsford,49.11834,-122.38712,29,4b,0,2004-01-01,810,MISSION WEST ABBEY,702. 50308. 54238,43723,747,0,1D17P,54,3,,YXX,10,0.01,100,0.980821418,0.970723906,0.953903909,0.939739153,0.050405016,0.065023633,0.085548443,0.098835544,0.218557372,0.448953731,0.706514375,0.822387771
OW492,Coastal 1,Surrey,Columbia Valley,49.02244,-122.05063,20,4a,0,2004-01-01,50368,CULTUS LAKE,810,702. 50308. 54238,707,0,1D09P,73,1,,YXX,5,0.1,500,0.938723398,0.845600782,0.839390819,0.812596444,0.075682142,0.128814727,0.171038274,0.196244691,0.130451659,0.442484128,0.846852682,1.194781077
OW359,Coastal 2,Surrey,Langley,49.06252,-122.55919,33,4b,0,2004-01-01,43723,FORT LANGLEY TELEGRAPH TRAIL,747,702. 50308. 54238,925,6830,1D09P,25,2,,YXX,10,0.001,100,0.991659181,0.98827393,0.981762234,0.9805661,0.023609954,0.027765254,0.033843697,0.03454932,0.012869054,0.017720976,0.02458126,0.026138565
OW361,Coastal 2,Surrey,Langley,49.05044,-122.46313,27,4c,0,2004-01-01,43723,FORT LANGLEY TELEGRAPH TRAIL,702. 50308. 54238,810,747,925,1D17P,116,1,,YXX,5,0.001,500,0.996633057,0.985866833,0.947710427,0.910802646,0.015111691,0.027499584,0.045824899,0.062499037,0.004739189,0.021923981,0.08448942,0.16523485
OW414,Coastal 2,Surrey,Langley,49.06537,-122.54718,1144,4c,0,2004-01-01,43723,FORT LANGLEY TELEGRAPH TRAIL,747,702. 50308. 54238,925,6830,1D18P,180,1,,YXX,5,0.1,100,0.979155968,0.977523633,0.974151637,0.971744027,0.032736023,0.034742722,0.037742349,0.039882317,0.02098379,0.02260345,0.025969433,0.028340951
OW415,Coastal 2,Surrey,Langley,49.06537,-122.54718,33,4b,0,2004-01-01,43723,FORT LANGLEY TELEGRAPH TRAIL,747,702. 50308. 54238,925,6830,1D17P,25,5,,YXX,5,0.01,500,0.980931413,0.974965147,0.964669512,0.96026849,0.035657146,0.040979722,0.047503308,0.047725547,0.030552147,0.041964898,0.059444102,0.064941988
OW458,Coastal 2,Surrey,Langley,49.046826,-122.487051,27,4c,0,2004-01-01,43723,FORT LANGLEY TELEGRAPH TRAIL,702. 50308. 54238,747,810,925,1D17P,57,2,,YXX,15,0.1,100,0.979572841,0.966120771,0.93642105,0.908169916,0.041116546,0.051925191,0.069192348,0.080578845,0.033885258,0.059685209,0.112810729,0.172874403
OW403,Interior 3,Penticton,Twin Lakes,49.33003,-119.72338,261,4a,1,2004-01-01,1053. 50269,PENTICTON A,979,1041,1046,27122,2G03P,7,10,5,YYF,5,0.001,500,0.994158518,0.982473383,0.921842933,0.860947545,0.011755676,0.020451304,0.040727279,0.05189171,0.005771789,0.017909714,0.076926773,0.131050468
OW060,Vancouver Island 3,Nanaimo,Saanich,48.65863,-123.4304,609,NA,0,2004-01-01,51337,VICTORIA INTL A,54641,87,0,0,1D17P,81,1,,YYJ,20,0.1,200,0.98682238,0.971283346,0.949525134,0.919786011,0.02562493,0.038268305,0.053237255,0.065492843,0.030181537,0.086747384,0.213430812,0.334841468
OW240,Vancouver Island 3,Nanaimo,Saanich,48.63667,-123.46583,608,6b,0,2004-01-01,51337,VICTORIA INTL A,54641,87,0,0,1D17P,7,3,,YYJ,15,0.01,100,0.954602126,0.948535621,0.933989579,0.924144695,0.095824852,0.11489226,0.143985901,0.16206867,0.648372786,0.916072589,1.066023142,1.051978728
